品牌,店名,地址,電話
茶湯會,台中中友店,台中市北區三民路三段161號B棟B3,04-22256488
茶湯會,中友店,台中市北區中友百貨C棟三民路三段161號,04-22256488
茶湯會,台中北平店,台中市北區北平路二段92號,04-22963333
茶湯會,台中學士店,台中市北區學士路161號,04-22077317
茶湯會,台中一中店,台中市北區新北里一中街213號,04-22220010
茶湯會,台中漢陽店,台中市北區明新里漢口路三段176號1樓,04-22924017
茶湯會,漢口店,台中市北區漢口路四段377號,04-22350812
茶湯會,台中漢口店,台中市北區頂厝里漢口路四段377號1樓,04-22350812
茶湯會,台中水湳店,台中市北屯區中清路二段212號,04-22953580
茶湯會,台中昌平店,台中市北屯區昌平路一段426號,04-22430043
茶湯會,台中東山店,台中市北屯區東山路一段289之9號,04-22396967
茶湯會,台中大慶店,台中市南區大慶街2段6之11號,04-22653339
茶湯會,台中工學店,台中市南區工學路26號,04-22636608
茶湯會,台中南屯店,台中市南屯區同心里南屯路二段220號1樓,04-24722022
茶湯會,台中向上二店(輕食限定),台中市南屯區向上路二段436-2號,04-23801127
茶湯會,台中向心店,台中市南屯區向心里向心南路941號1樓,04-23862855
茶湯會,台中大墩店,台中市南屯區大墩路740號,04-23285750
茶湯會,嶺東店,台中市南屯區永春南路68號,04-23808258
茶湯會,台中嶺東店,台中市南屯區永春南路68號1樓,04-23808258
茶湯會,文心秀泰店,台中市南屯區豐樂里文心南路289號,04-24736579
茶湯會,黎明文昌店,台中市南屯區黎明路一段1002號,04-23809588
茶湯會,台中黎明店,台中市南屯區黎明路二段502號,04-22598859
茶湯會,后里三豐店,台中市后里區三豐路291號,04-25582816
茶湯會,后里三豐店,台中市后里區三豐路三段975號,04-25582816
茶湯會,大甲蔣公店,台中市大甲區蔣公路145號,04-26889118
茶湯會,大肚沙田店,台中市大肚區沙田路二段758號,04-26998187
茶湯會,台中遊園店(輕食限定),台中市大肚區遊園路二段267號,04-26918699
茶湯會,大里中興店,台中市大里區中興路二段388號,04-24832926
茶湯會,大里塗城店,台中市大里區塗城路737號,04-24927722
茶湯會,大里益民店,台中市大里區益民路二段253號,04-24821770
茶湯會,大雅學府店,台中市大雅區學府路235之1號,04-25669816
茶湯會,大雅學府店,台中市大雅區學府路237號,04-25669816
茶湯會,太平中山三店,台中市太平區中山路三段138號,04-23926099
茶湯會,太平中興店,台中市太平區中興路144號,04-22753881
茶湯會,台中東勢店,台中市東勢區三民街145號,04-25878666
茶湯會,台中大智店,台中市東區大智路5號,04-22232332
茶湯會,沙鹿中山店,台中市沙鹿區中山路441號,04-26620299
茶湯會,清水中山店,台中市清水區中山路132號,04-26233699
茶湯會,潭子勝利店,台中市潭子區勝利路330號,04-25350512
茶湯會,烏日中山店,台中市烏日區中山路一段436號,04-23380201
茶湯會,神岡中山店,台中市神岡區昌平路五段488號,04-25633537
茶湯會,台中公益店(輕食限定),台中市西區中興里公益路122號1樓,04-23268548
茶湯會,公益店,台中市西區公益路122號,04-23268548
茶湯會,勤美誠品店,台中市西區公益路68號B1,04-23213221
茶湯會,台中向上店,台中市西區公益里向上路一段202號1F,04-23051877
茶湯會,向上店,台中市西區向上路一段202號,04-23051877
茶湯會,台中民生店,台中市西區民生路130號,04-22259868
茶湯會,台中精誠店,台中市西區精誠路43之7號,04-23204749
茶湯會,台中美村店,台中市西區美村路一段638號,04-23751375
茶湯會,台中自由店(輕食限定),台中市西區自由路一段105號,04-22252820
茶湯會,台中友達店,台中市西屯區中科路1號,04-24608800#4446
茶湯會,友達店,台中市西屯區友達二期廠 員工餐廳(只服務廠區人員 不對外營業),04-24608800
茶湯會,台中三越店,台中市西屯區台灣大道三段301號12樓,04-22583891
茶湯會,台中榮總店,台中市西屯區台灣大道四段1650號住院大樓美食廣場,04-23550012
茶湯會,台中朝富店(輕食限定),台中市西屯區朝富路40號,04-22540381
茶湯會,台中河南店,台中市西屯區河南路二段354號1樓,04-24512521
茶湯會,台中中科店,台中市西屯區西屯路三段166-6號,04-24618687
茶湯會,台中西屯店,台中市西屯區西屯路二段27-2號,04-23170288
茶湯會,逢甲店,台中市西屯區西屯路二段295-22號,04-24518151
茶湯會,豐原三民店,台中市豐原區三民路181號,04-25251988
茶湯會,豐原府前店,台中市豐原區府前街55號,04-25281898
茶湯會,霧峰中正店,台中市霧峰區中正路845號,04-23399390
茶湯會,東海店,台中市龍井區新興路3-1號,04-26335528
色杯子絕色飲舖,台中復興店,台中市南區復興路一段489號,04-2260-9191
橘子工坊,台中一中店,台中市北區太平路87號,04-2225-6667
橘子工坊,台中SOGO店,台中市西區美村路一段37號,04-2326-1010
橘子工坊,台中逢甲,台中市西屯區文華路10-10號,04-24513330
黑丸,台中大里店,台中市大里區塗城路756號,0974-015846
COCO都可,台中后里店,台中市后里區甲后路一段337號,04- 2558-5682
COCO都可,台中大甲店,台中市大甲區蔣公路203號,04-2688-8806
COCO都可,台中大里店,台中市大里區塗城路496號,04-2496-8109
COCO都可,台中太平店,台中市太平區中山路一段292號,04-2393-2379
COCO都可,台中靜宜店,台中市沙鹿區北勢東路609號,04-26312585
COCO都可,台中美村店,台中市西區美村路一段89號,04-2310-6616
COCO都可,台中東海店,台中市龍井區新興路38-2號,04-26321221
春水堂,三越店,台中市中西屯區港路二段111號（新光三越百貨9樓）,04-22546909
春水堂,中友店,台中市北區三民路三段161號C棟B2,04-22258673
春水堂,中友店,台中市北區三民路三段161號C棟B2樓,04-22258673
春水堂,育才北店,台中市北區育才北路61號,04-22200339
春水堂,崇德店,台中市北屯區崇德路3段400號,04-24227047
春水堂,經國店,台中市南屯區公益路155巷17號,04-23028530
春水堂,豐樂店,台中市南屯區文心南五路321號,04-24718005
春水堂,豐樂店,台中市南屯區文心南五路321號之13,04-24718005
春水堂,秀泰文心店,台中市南屯區豐樂里25鄰文心南路289號2樓,04-24735367
春水堂,秀泰店,台中市東區南京路76號1樓,04-22155779
春水堂,新時代店(新時代購物中心2F),台中市東區復興路四段186號,04-22272712
春水堂,新時代店,台中市東區復興路四段186號2樓,04-22272712
春水堂,國美店,台中市西區五權西路一段2號,04-23763342
春水堂,國美店,台中市西區五權西路一段2號B1樓,04-23763342
春水堂,金典店,台中市西區健行路1049號,04-23261805
春水堂,金典店,台中市西區健行路1049號4樓,04-23261805
春水堂,公益店,台中市西區公益路155巷17號,04-23028530
春水堂,勤美誠品,台中市西區公益路68號B1,04-23261150
春水堂,勤美誠品店,台中市西區公益路68號B1樓,04-23261150
春水堂,創始店(四維店),台中市西區四維街30號,04-22297991
春水堂,大墩店,台中市西區大墩19街9號,04-23273647
春水堂,市政店,台中市西屯區市政路583號,04-2251-7586
春水堂,朝富店,台中市西屯區朝馬三街12號,04-22549779
春水堂,中科永福店,台中市西屯區永福路141號,04-24618651
春水堂,三越店,台中市西屯區臺灣大道二段111號10樓,04-22546909
春水堂,豐原店,台中市豐原區新生北路71號,04-25220485
春水堂,國際店,台中市龍井區台中縣藝術街48號,04-26528288
春水堂,國際店,台中市龍井區藝術街48號,04-26528288
多那之,台中崇德門市,台中市北區崇德路一段508號,待網友回報
多那之,台中西屯門市,台中市北區西屯路一段363-1號,04-23230688
多那之,台中概念館,台中市北屯區崇德路二段301號,04-22410409
多那之,台中美學門市,台中市南區美村南路68-8號,04-22619788
多那之,台中惠文門市,台中市南屯區惠中里惠文路491號,待網友回報
多那之,台中大里成功門市,台中市大里區成功路392號,04-24925228
多那之,大里東榮門市,台中市大里區東榮路35巷1號,待回覆
多那之,台中復中門市,台中市東區台中路43號,04-22210909
多那之,台中逢甲門市,台中市西屯區西屯路二段287號1F,04-24528969
多那之,台中青海門市,台中市西屯區青海路一段23號,04-23167577
御茶殿-京茶山,永興殿,台中市北區永興街99號,04-22360010
綠蓋茶館,健行店,台中市北區崇德路一段99號,04-22341882
綠蓋茶館,公益二店,台中市南屯區大墩十一街156號,04-23203787
綠蓋茶館,時代店,台中市東區忠孝路399號,04-22816033
綠蓋茶館,公益店,台中市西區公益路56號,04-23265506
綠蓋茶館,中港便利店,台中市西區台中港路一段198號,04-23269614
綠蓋茶館,逢甲店,台中市西屯區文華路139巷19弄14號,04-24521448
綠蓋茶館,豐原店,台中市豐原區中正路76號,04-25153195
綠蓋茶館,東海店,台中市龍井區新興路18-1號,04-26520767
茶本味,中科店,台中巿西屯區西屯路三段169-10號,04-2462-7906
茶本味,台中永興店,台中市北區永興街42號,04-22367067
茶本味,台中昌平店,台中市北屯區昌平路二段8之18號1樓,待網友回報
茶本味,台中大墩店,台中市南屯區大墩六街266號,04-2472-3998
茶本味,台中后里店,台中市后里區復興街53號,04-25588796
茶本味,大甲光明店,台中市大甲區光明路116號,04-26802734
茶本味,大甲鎮瀾店,台中市大甲區蔣公路124號,04-26802734
茶本味,大肚遊園店,台中市大肚區遊園路二段284號,04-26914768
茶本味,沙鹿成功店,台中市沙鹿區成功東街57號,04-26621033
茶本味,沙鹿鎮南店,台中市沙鹿區鎮南路二段436號,04-2633-0023
茶本味,台中文華店,台中市西屯區文華路5巷10號,04-24523697
茶本味,台中東海店,台中市龍井區新興路38-8號,04-2631-0577
日出茶太,台中花博-期間限定店,台中市后里區寺山路38巷3-40號,
日出茶太,台中大里店,台中市大里區益民路一段506號,04-2483-7770
日出茶太,台中秀泰店,台中市東區南京路76號2樓,04-2212-1218
日出茶太,台中秀泰店,台中市東區南京路76號秀泰影城 S1館 2樓,待網友回報
日出茶太,清水休息站店,台中市清水區吳厝里吳厝二街89號頂樓,04-2620-3177
日出茶太,台中友達店,台中市西屯區中科路1號,待網友回報
日出茶太,台中廣三SOGO店,台中市西屯區台灣大道二段459號15樓,04-2323-0668
一手私藏世界紅茶,台中美村店,台中市西區美村路一段126號,04-23262777
一手私藏世界紅茶,豐原廟東店,台中市豐原區博愛街29號,04-25220239
舞茶道,后里甲后店,台中市后里區甲后路385號,04-2558-6895
舞茶道,大甲鎮瀾店,台中市大甲區鎮瀾街95-2號,04-2686-6685
舞茶道,台中向上店,台中市西區向上路一段243號,02-2305-8866
藤本舖,中清敦化店,台中市北屯區敦化路340號,04-22994778
藤本舖,后里甲后店,台中市后里區甲后路544號,04-25561200
藤本舖,大甲鎮瀾店,台中市大甲區蔣公路133-3號,04-26868196
藤本舖,大甲日南店,台中市大甲區青年路66號,04-26818886
藤本舖,大肚遊園店,台中市大肚區遊園路二段201號,04-26915000
藤本舖,台中大雅永和店,台中市大雅區永和路39號,04-25606245
藤本舖,大雅清泉店,台中市大雅區清泉路3-10號,04-26152563
藤本舖,烏日興祥店,台中市烏日區興祥街7號,04-23374375
自在軒,台中五權西店,台中市南屯區五權西路二段700號,04-2381-5008
手作功夫茶,一中旗艦店,台中市北區一中街231號,04-2225-6622
手作功夫茶,台中學士店,台中市北區學士路142號,04-2235-7755
手作功夫茶,台中漢口店,台中市北區漢口路三段117號,04-22990100
手作功夫茶,台中昌平店,台中市北屯區昌平路一段350號,+886-4-22437119
手作功夫茶,台中東山店,台中市北屯區東山路一段249號,04-2437-1655
手作功夫茶,台中高工店,台中市南區高工路387號,04-22605252
手作功夫茶,台中五權店,台中市南屯區五權西路二段706號,+886-4-23860555
手作功夫茶,台中嶺東店,台中市南屯區嶺東路21-2號,04-23809388
手作功夫茶,台中東興店,台中市南屯區東興路二段110號,+886-4-24719226
手作功夫茶,后里民生店,台中市后里區民生路151號,+886-4-25585135
手作功夫茶,大甲蔣公店,台中市大甲區蔣公路234號,04-2688-6779
手作功夫茶,台中大雅店,台中市大雅區中清東路201號,+886-4-25681233
手作功夫茶,太平中山店,台中市太平區中山路四段222號,04-23957125
手作功夫茶,沙鹿中山店,台中市沙鹿區中山路398-1號,04-2662-7947
手作功夫茶,台中潭子店,台中市潭子區潭子街二段24號,+886-4-25363055
手作功夫茶,台中精誠店,台中市西區精誠路141號,04-2320-7720
手作功夫茶,逢甲文華店,台中市西屯區文華路1-8號,+886-4-24511148
手作功夫茶,逢甲文華店,台中市西屯區文華路1之8號,04-24511148
手作功夫茶,台中黎明店,台中市西屯區黎明路二段905號,+886-4-22516250
手作功夫茶,台中東海店,台中市龍井區新興路東興巷1號,04-2652-7766
享好茶,幸福訓練店,台中市南屯區工業22路6號,04-23591716
享好茶,逢甲店,台中市西屯區福星路347號,04-2451-6555
享好茶,幸福總店,台中市西屯區西屯路三段159之61號,04-24610808
Mr.Wish,后里甲后店,台中巿后里區甲后路一段572號,04-25588275
Mr.Wish,台中一中店,台中市北區一中街23號1樓,04-22258458
Mr.Wish,台中五常店,台中市北區五常街158號,04-22080183
Mr.Wish,台中北平店,台中市北區北平路二段102-10號,04-22985123
Mr.Wish,北平店,台中市北區北平路二段102之10號,04-22985123
Mr.Wish,崇德漢口店,台中市北區崇德路一段540之4號,04-22389688
Mr.Wish,台中漢口店,台中市北區漢口路三段112號,04-22913990
Mr.Wish,台中中友店,台中市北區育才北路90號,04-22229228
Mr.Wish,西屯店,台中市北區西屯路一段428號,04-22080521
Mr.Wish,松竹店,台中市北屯區松竹路二段103號,04-22428368
Mr.Wish,大慶店,台中市南區大慶街二段5-2號,04-22638430
Mr.Wish,台中高工店,台中市南區高工路329號,04-22629138
Mr.Wish,南屯店,台中市南屯區南屯路二段103號,04-24726989
Mr.Wish,台中向心南店,台中市南屯區向心南路978號,04-24753912
Mr.Wish,台中嶺東店,台中市南屯區永春南路120號,04-23896033
Mr.Wish,后里甲后店,台中市后里區甲后路一段572號,04-25588275
Mr.Wish,大里中興店,台中市大里區中興路2段386-2號,04-24838789
Mr.Wish,大里成功店,台中市大里區成功二路21號,04-24917099
Mr.Wish,大里東榮店,台中市大里區東榮路446號,04-24823676
Mr.Wish,大雅學府店,台中市大雅區學府路300號,04-25682332
Mr.Wish,太平中興店,台中市太平區中興路142號,04-22750797
Mr.Wish,太平中興店,台中市太平區中興路142號1樓,04-22750797
Mr.Wish,太平太平店,台中市太平區太平路108號,04-22775616
Mr.Wish,台中復興店,台中市東區復興路四段177號,04-22231202
Mr.Wish,沙鹿中山店,台中市沙鹿區中山路202號,04-26621238
Mr.Wish,沙鹿鹿寮店,台中市沙鹿區成功東街27號,04-26623792
Mr.Wish,烏日中山店,台中市烏日區中山路一段390號,04-23375910
Mr.Wish,烏日溪南店,台中市烏日區溪南路一段587號,04-23355826
Mr.Wish,台中向上店,台中市西區向上路一段378號,04-23201499
Mr.Wish,民權店,台中市西區民權路51號,04-22201998
Mr.Wish,台中民生店,台中市西區民生路128號,04-22254141
Mr.Wish,台中美術館店,台中市西區美村路一段650號,04-23755323
Mr.Wish,美村SOGO店,台中市西區美村路一段87號,04-23220702
Mr.Wish,台中大墩店,台中市西屯區大墩路914號,04-23271085
Mr.Wish,WishDrink逢甲直營店,台中市西屯區福星路511之1號,04-27068011
Mr.Wish,青海店,台中市西屯區青海路一段160號,04-23176606
Mr.Wish,豐原南陽店,台中市豐原區南陽路396號,04-25297889
Mr.Wish,霧峰樹仁店,台中市霧峰區樹仁路35號,04-23395577
Mr.Wish,WishDrink霧峰樹仁店,台中市霧峰區樹仁路72號,04-23395577
水巷茶弄,台中北平店,台中市北區北平路二段102-22號,04-22992192
水巷茶弄,台中一中店,台中市北區育才街6巷2-1號,04-2225-3962
水巷茶弄,台中大慶店,台中市南區大慶街2段6之6號,04-2260-8089
水巷茶弄,后里甲后店,台中市后里區甲后路385號,04-25563838
水巷茶弄,后里甲后店,台中市后里區甲后路一段413號,04-2556-3838
水巷茶弄,大里成功店,台中市大里區成功2路18號,04-24952131
水巷茶弄,太平太平店,台中市太平區太平路619號,04-22706622
水巷茶弄,台中大智店,台中市東區大智路1號,04-2226-0880
水巷茶弄,台中靜宜店,台中市沙鹿區北勢東路517之2號,04-26322382
水巷茶弄,台中沙鹿店,台中市沙鹿區大同街56號,04-2662-2635
水巷茶弄,台中潭子店,台中市潭子區勝利路301號,04-2535-0946
水巷茶弄,台中勤美店,台中市西區美村路一段161號,04-23260050
水巷茶弄,台中勤美店,台中市西區美村路一段200號,04-2301-7716
水巷茶弄,台中中科店,台中市西屯區西屯路3段150-57號,04-2463-8022
水巷茶弄,台中中科店,台中市西屯區西屯路3段150-58號,04-2463-8022
水巷茶弄,豐原廟東店,台中市豐原區博愛街37號,04-25249991
水巷茶弄,台中東海店,台中市龍井區台灣大道五段3巷70號,04-26522380
喬治派克,台中中華店,台中市中區中華路一段84號,04-22207191
喬治派克,台中健行店,台中市北區健行路572號,04-22070622
喬治派克,台中中清店,台中市北屯區中清路135-32號,04-24259699
喬治派克,台中北屯店,台中市北屯區北屯路14-7號,04-22339911
喬治派克,台中金昌平店,台中市北屯區昌平路一段452號,04-22469288
喬治派克,台中東山店,台中市北屯區東山路一段239-2號,04-24361400
喬治派克,台中忠孝店,台中市南區忠孝路146號,04-22855252
喬治派克,台中向心店,台中市南屯區向心南路942號,04-24732735
喬治派克,文心家樂福店,台中市南屯區文心路一段521號,04-22543987
喬治派克,文心家樂福店,台中市南屯區文心路一段521號B1F,04-22543987
喬治派克,后里三豐店,台中市后里區大昌路二路516號,04-25564759
喬治派克,大肚沙田店,台中市大肚區沙田路一段386號,04-26936299
喬治派克,大里東榮店,台中市大里區東榮路302號,04-24819696
喬治派克,大雅清泉店,台中市大雅區中清路四段287號,04-25661559
喬治派克,新社興安店,台中市新社區興安路18-41號,04-25810655
喬治派克,東勢豐勢店,台中市東勢區豐勢路177號,04-25881686
喬治派克,台中十甲店,台中市東區十甲路402號1F,04-22118889
喬治派克,台中沙鹿店,台中市沙鹿區中山路197-2號,04-26653033
喬治派克,沙鹿英才店,台中市沙鹿區英才路16號,04-26525996
喬治派克,清水西寧店,台中市清水區西寧路32-2號,04-26222220
喬治派克,潭子圓通南店,台中市潭子區圓通南路287號,04-25332530
喬治派克,潭子大豐店,台中市潭子區大豐路三段128-1號,04-25312337
喬治派克,潭子豐興店,台中市潭子區豐興路一段565號,04-25360722
喬治派克,烏日中山店,台中市烏日區中山路一段462-1號,04-23370305
喬治派克,台中石岡店,台中市石岡區明德路106號,04-25721500
喬治派克,神岡民族店,台中市神岡區昌平路5段375號,04-25631566
喬治派克,台中中美店,台中市西區中美街235號,04-23015770
喬治派克,勤美誠品綠園道店,台中市西區公益路68號,04-23265539
喬治派克,台中河南店,台中市西屯區河南路二段486號,04-24520599
喬治派克,台中重慶店,台中市西屯區重慶路195號,04-23173188
喬治派克,豐原三民店,台中市豐原區三民路15號,04-25260011
喬治派克,豐原中山店,台中市豐原區中山路307號,04-25299577
喬治派克,豐原廟東店,台中市豐原區中正路167巷5-1號,04-25292055
喬治派克,豐原南陽店,台中市豐原區南陽路南陽市場10號,04-25292020
喬治派克,豐原成功店,台中市豐原區成功路176號,04-25153339
喬治派克,豐原豐東店,台中市豐原區豐東路252號,04-25132697
喬治派克,東海新興店,台中市龍井區新興路51-7號,04-26310231
鮮茶道,中華夜市店,台中市中區中華路一段99號,04-22293688
鮮茶道,台中站前店,台中市中區綠川里建國路174號,04-2223-5831
鮮茶道,台中忠勇店,台中市南屯區忠勇路109之6號,04-23808660
鮮茶道,后里甲后店,台中市后里區甲后路365號,04-25575678
鮮茶道,大里仁化店,台中市大里區仁化路458號,04-24960432
鮮茶道,大雅永和店,台中市大雅區永和路142之20號,04-25684198
鮮茶道,太平永豐店,台中市太平區永豐路10號,04-22765300
鮮茶道,東勢豐勢店,台中市東勢區豐勢路458號,04-25886700
鮮茶道,台中後站店,台中市東區復興路四段63號,04-22207019
鮮茶道,梧棲文化店,台中市梧棲區文化路二段135號,04-26575699
鮮茶道,梧棲臨港店,台中市梧棲區臨港路三段9號,04-26308585
鮮茶道,沙鹿靜宜店,台中市沙鹿區北勢東路559號,04-2633-0333
鮮茶道,烏日光德店,台中市烏日區光德路355號,04-23375998
鮮茶道,台中向上一店,台中市西區向上路一段178號,04-2305-0912
鮮茶道,台中世貿店,台中市西屯區中工三路92-2號,04-23587962
鮮茶道,台中廣福店,台中市西屯區廣福路351號,04-2703-2663
鮮茶道,逢甲文華店,台中市西屯區文華路185號,04-2451-6477
鮮茶道,逢甲福星店,台中市西屯區福星路558號,04-24521848
鮮茶道,台中中科店,台中市西屯區西屯路三段164-1號,04-24610722
鮮茶道,豐原太平洋店,台中市豐原區博愛街10號,04-2522-9222
鮮茶道,霧峰樹仁店,台中市霧峰區樹仁路56號,04-23395333
鮮茶道,台中東海店,台中市龍井區台中港路東園28號,04-2652-5701
鮮茶道,東海新興店,台中市龍井區新興路33號,04-2652-0052
圓石,台中逢甲店,42台中市西屯區文華路121-11號,04-27079117
圓石,台中東海店,42台中市龍井區新興路3-2號,04-26332121
圓石,台中一中店,44台中市北區太平路101號,04-2229-0880
圓石,工學復興店,56台中市南區復興路一段458號,04-22603711
圓石,台中北平店,台中市北區北平路2段88號,04-22991567
圓石,台中復興店,台中市南區復興路一段458號,04-22603711
圓石,台中中興店,台中市大里區中興路二段183號,04-24853200
圓石,沙鹿北勢東店,台中市沙鹿區北勢東路519-2號,04-26526526
圓石,美村店,台中市西區美村路一段110號,04-23262633
圓石,台中文華店,台中市西屯區文華路121-11號,04-27079117
圓石,台中東海店,台中市龍井區新興路3-2號,待網友回報
大苑子,台中一中店,台中市北區一中街25號,04-22290000
大苑子,台中學士店,台中市北區學士路152號,04-22333020
大苑子,台中漢口店,台中市北區漢口路四段284號,04-22377188
大苑子,台中北平店,台中市北屯區北平路三段169號,04-22340522
大苑子,水湳店,台中市北屯區大鵬路22號,04-22985808
大苑子,台中昌平店,台中市北屯區昌平路一段294號,04-22468988
大苑子,台中松竹店,台中市北屯區松竹路二段113號,04-22436992
大苑子,台中大慶店,台中市南區大慶街二段6-2號,04-22600345
大苑子,台中大慶店,台中市南區大慶街二段6號,04-22600345
大苑子,台中忠孝店,台中市南區忠孝路117號,04-22851855
大苑子,台中忠孝店,台中市南區忠孝路212號,04-22851855
大苑子,美村南店,台中市南區美村南路135號,04-22603968
大苑子,台中南屯店,台中市南屯區南屯路二段106號,04-24720916
大苑子,向心南店,台中市南屯區向心南路954號,04-24731008
大苑子,台中黎明店,台中市南屯區黎明路二段394號,04-22540233
大苑子,后里店,台中市后里區甲后路342號,04-25565818
大苑子,后里店,台中市后里區甲后路一段548號,04-25565818
大苑子,大甲順天店,台中市大甲區順天路168號,04-26880323
大苑子,大里立人店,台中市大里區中興路二段183-2號,04-24850991
大苑子,大里中興店,台中市大里區中興路二段423號,04-24865808
大苑子,大里成功店,台中市大里區成功路452號,04-24930092
大苑子,大雅學府店,台中市大雅區學府路327號,04-25668350
大苑子,太平中山店,台中市太平區中山路四段162號,04-23953633
大苑子,太平樹孝店,台中市太平區樹孝路53號,04-23921678
大苑子,東勢店,台中市東勢區中山路94號,04-25772060
大苑子,台中大智店,台中市東區大智路1-2號,04-22221367
大苑子,梧棲文化店,台中市梧棲區文化路二段270號,04-26570019
大苑子,梧棲文化店,台中市梧棲區文化路二段274號,04-26570019
大苑子,沙鹿中山店,台中市沙鹿區中山路325號,04-26628343
大苑子,沙鹿靜宜店,台中市沙鹿區北勢東路552號,04-26322562
大苑子,清水店,台中市清水區中山路189號,04-26228989
大苑子,清水店,台中市清水區鎮北街53號,04-26228989
大苑子,潭子勝利店,台中市潭子區勝利路356號,04-25351462
大苑子,潭子圓通店,台中市潭子區圓通南路283號,04-25322632
大苑子,烏日店,台中市烏日區中山路二段349號,04-23378889
大苑子,神岡中山店,台中市神岡區中山路490號,04-25627711
大苑子,台中公益店,台中市西區公益路118號,04-23262221
大苑子,台中向上店,台中市西區向上路一段254號,04-23012122
大苑子,台中精誠店,台中市西區精誠路164號,04-23108389
大苑子,台中世貿店,台中市西屯區中工三路114號,04-23587255
大苑子,逢甲文華店,台中市西屯區文華路123號,04-27080918
大苑子,台中朝富店,台中市西屯區朝富路50號,04-22520200
大苑子,逢甲河南店,台中市西屯區河南路二段342號,04-24515767
大苑子,逢甲福星店,台中市西屯區福星路513號,04-24525110
大苑子,西屯中科店,台中市西屯區西屯路三段169-4號,04-24610261
大苑子,西屯中科店,台中市西屯區西屯路三段169號,04-24610261
大苑子,台中青海店,台中市西屯區青海路一段53號,04-23127576
大苑子,豐原三民店,台中市豐原區三民路123號,04-25257711
大苑子,豐原南陽店,台中市豐原區南陽路320號,04-25221877
大苑子,豐原府前店,台中市豐原區府前街61號,04-25285507
大苑子,霧峰店,台中市霧峰區中正路917號,04-23390716
大苑子,東海店,台中市龍井區臺灣大道五段3巷49號,04-26520211
大苑子,東海店,台中市龍井區臺灣大道五段49號,04-26520211
台灣第一味,台中北平店,台中巿北區北平路二段170號,04-22982118
台灣第一味,台中北屯店,台中市北區北屯路14-8號,04-22378041
台灣第一味,台中北平店,台中市北區台中巿北平路二段170號,04-2298-2118
台灣第一味,台中民權店,台中市北區台中巿民權路347號,04-2207-4006
台灣第一味,台中學士店,台中市北區學士路71號,04-2207-1529
台灣第一味,台中民權店,台中市北區民權路347號,04-2207-4006
台灣第一味,台中永興店,台中市北區永興街163號,04-2235-2128
台灣第一味,台中雙十店,台中市北區雙十路二段37號,04-2223-0088
台灣第一味,台中昌平店,台中市北屯區昌平路一段242號,04-22338879
台灣第一味,台中工學店,台中市南區 工學路27號,04-22602218
台灣第一味,台中工學店,台中市南區工學路27號平日1000-2200,04-2260-2218
台灣第一味,台中忠孝店,台中市南區忠孝路224號,04-2285-7906
台灣第一味,台中工業店,台中市南屯區五權西路三段107號,04-2386-0909
台灣第一味,台中新文山,台中市南屯區忠勇路52-287,04-23860005
台灣第一味,台中嶺東店,台中市南屯區永春南路128之2號,04-2386-6676
台灣第一味,台中后綜店,台中市后里區三豐路227-1,04-2558-2909
台灣第一味,台中后綜店,台中市后里區三豐路三段883號,04-2558-2909
台灣第一味,東勢二店,台中市后里區中山路78號,04-2577-0770
台灣第一味,日南幼獅店,台中市大甲區日南里黎明路3-17號,04-2681-3991
台灣第一味,大甲蔣公店,台中市大甲區蔣公路208號,04-2687-6886
台灣第一味,大甲鎮瀾店,台中市大甲區鎮瀾街155號,04-2688-6225
台灣第一味,大肚追分店,台中市大肚區沙田路一段493號,04-2693-8123
台灣第一味,大肚遊園店,台中市大肚區遊園路二段41號,04-2691-0166
台灣第一味,大里青年店,台中市大里區中興路一段167-1號,04-24966778
台灣第一味,大里立人店,台中市大里區中興路二段199-2號,04-2486-5511
台灣第一味,大里修平店,台中市大里區仁化路200-1號,04-2491-8011
台灣第一味,大里國中店,台中市大里區國中路292號,04-24060289
台灣第一味,大里成功店,台中市大里區成功路503號,04-2496-6191
台灣第一味,大里仁愛店,台中市大里區東榮路477號,04-2482-4816
台灣第一味,大里益民店,台中市大里區益民路二段254號,04-24820072
台灣第一味,大雅上楓店,台中市大雅區民生路三段449號,04-2569-0008
台灣第一味,大雅永和店,台中市大雅區永和路130-10號,04-2569-3516
台灣第一味,太平中和店,台中市太平區中和街1號,04-2277-8877
台灣第一味,太平勤益店,台中市太平區中山路一段215巷28號,04-2393-8833
台灣第一味,太平坪林店,台中市太平區中山路二段383號,04-2393-7795
台灣第一味,太平太平店,台中市太平區太平路331號,04-2278-0883
台灣第一味,太平長億,台中市太平區太平路81號,04-22734350
台灣第一味,太平永豐店,台中市太平區永豐路416號,04-2279-6658
台灣第一味,太平永豐店,台中市太平區永豐路416號星期一-五0930-2100星期六930-1900,04-2279-6658
台灣第一味,新社高中店,台中市新社區台中巿興安路18-17號平時900-2130每星期三900-2200,04-2581-0899
台灣第一味,新社高中店,台中市新社區興安路18-17號,04-2581-0899
台灣第一味,東勢東勢店,台中市東勢區豐勢路291號,04-2577-1360
台灣第一味,梧棲文化店,台中市梧棲區文化路二段141號,04-2657-1189
台灣第一味,沙鹿中航店,台中市沙鹿區中航路一段231號,04-2615-1657
台灣第一味,沙鹿靜宜店,台中市沙鹿區北勢東路525號,04-2632-7665
台灣第一味,清水中山店,台中市清水區中山路271號,04-26222958
台灣第一味,清水五權店,台中市清水區五權東路85號,04-2623-2987
台灣第一味,清水五權店,台中市清水區五權東路85號(西寧國小斜對面),04-26232987
台灣第一味,潭子潭子店,台中市潭子區勝利路233號,04-2534-5388
台灣第一味,潭子潭興店,台中市潭子區潭興路二段375號,04-2538-5880
台灣第一味,潭子頭張店,台中市潭子區頭張路一段149號,04-2533-7990
台灣第一味,烏日中山店,台中市烏日區中山路二段205號,04-2336-5700
台灣第一味,台中石岡店,台中市石岡區豐勢路752號,04-25821889
台灣第一味,台中石岡店,台中市石岡區豐勢路752號平時900-2130,04-2582-1889
台灣第一味,神岡社口店,台中市神岡區中山路500號,04-2562-5562
台灣第一味,神岡社口店,台中市神岡區社口里中山路500號,04-2562-5562
台灣第一味,神岡豐洲店,台中市神岡區豐洲路517號,04-2523-6799
台灣第一味,台中公館店,台中市西區南屯路一段36-2號,04-2375-2118
台灣第一味,台中大墩店,台中市西區大墩路867號,04-23208850
台灣第一味,台中中港店,台中市西區太原路一段2-2號,04-2314-2779
台灣第一味,台中中港店,台中市西區太原路一段2之2號,04-2314-2779
台灣第一味,台中民生店,台中市西區民生路124-4號,04-2222-1887
台灣第一味,台中精誠店,台中市西區精誠路75號,04-2320-5150
台灣第一味,台中美村店,台中市西區美村路一段258號,04-23017070
台灣第一味,台中中清店,台中市西屯區中清路二段1096號,04-2425-1100
台灣第一味,台中中清店,台中市西屯區中清路二段1370號,04-2425-1100
台灣第一味,台中西屯2店,台中市西屯區西屯二段30-3號,04-23178997
台灣第一味,台中西屯店,台中市西屯區西屯路三段155巷2號,04-2462-2211
台灣第一味,台中西屯2店,台中市西屯區西屯路二段30-3號,04-2317-8997
台灣第一味,台中朝馬店,台中市西屯區黎明路三段20號,04-2451-4288
台灣第一味,豐原三民店,台中市豐原區三民路121號,04-2515-7766
台灣第一味,豐原三豐店,台中市豐原區三豐路745-3號,04-2522-1555
台灣第一味,豐原車站店,台中市豐原區中正路1-1號（豐原火車站大廳）,04-2515-0508
台灣第一味,豐原中正店,台中市豐原區中正路354號,04-2525-5388
台灣第一味,豐原水源店,台中市豐原區水源路137號,04-25250886
台灣第一味,豐原水源店,台中市豐原區水源路137號(1000～2200(無特定店休),04-2525-0886
台灣第一味,豐原豐勢店,台中市豐原區豐勢路二段760號,04-25132708
台灣第一味,豐原豐南店,台中市豐原區豐南街154號,04-2522-2861
台灣第一味,豐原豐東店,台中市豐原區豐東路75-8號,04-2524-8866
台灣第一味,霧峰亞大店,台中市霧峰區柳豐路340號,04-23333363
台灣第一味,霧峰樹仁店,台中市霧峰區樹仁路74號,04-2333-3393
台灣第一味,台中東海店,台中市龍井區新東里台灣大道五段3巷11號,04-26314872
台灣第一味,龍井沙田店,台中市龍井區沙田路六段319號,04-2636-9678
COMEBUY,台中興大(研磨咖啡)店,台中市南區學府路50號,04-2285-1108
CupC,台中漢口店,台中市西屯區漢口路二段241號,04-2316-6052
清心福全,台中西區民生店,台中市中區中正路175號,04-22298585
清心福全,台中中區中華店,台中市中區中華路二段34號,04-22012965
清心福全,台中中區建國店,台中市中區建國路157號,04-22257688
清心福全,台中北區三民店,台中市北區三民路三段257號,04-22339536
清心福全,台中北區五權店,台中市北區五權路284號,04-22065718
清心福全,台中北區五常店,台中市北區健行路445-9號,04-22073211
清心福全,台中太平新門市,台中市北區北區太平路127號,04-22290399
清心福全,台中北區北屯店,台中市北區北屯路14-4號,04-22377722
清心福全,台中北區立人店,台中市北區北平路二段19號,04-22922186
清心福全,台中北區大雅店,台中市北區大雅路324號,04-22087111
清心福全,台中北區民權店,台中市北區民權路472-6號,04-22071588
清心福全,台中北區德化店,台中市北區永興街103號,04-22303038
清心福全,台中漢口店,台中市北區漢口路三段102號,04-22928358
清心福全,台中北區永興店,台中市北區漢口路四段248號,04-22306516
清心福全,台中北屯崇德店,台中市北區精武路228號,04-22151122
清心福全,台中北區育才北店,台中市北區育才北路12號,04-22258763
清心福全,台中北區忠明店,台中市北區西屯路一段420號,04-22067769
清心福全,台中北區自強店,台中市北區進化路347號,04-23606628
清心福全,台中北屯中清店,台中市北屯區中清路38-2號,04-22991305
清心福全,台中北屯北平店,台中市北屯區北平路三段151號,04-22347768
清心福全,台中北屯后庄店,台中市北屯區后庄路22號,04-24258822
清心福全,台中北屯四平店,台中市北屯區后庄路71-3號,04-24226883
清心福全,北屯大連店,台中市北屯區大連路一段345號,04-22936622
清心福全,台中大鵬店,台中市北屯區大鵬路62號,04-22968966
清心福全,台中太原店,台中市北屯區太原路三段199號,04-22317171
清心福全,台中北屯豐樂店,台中市北屯區崇德路三段602號,04-24212138
清心福全,台中北屯區昌平店,台中市北屯區昌平路一段250-1號,04-22322998
清心福全,台中北平二店,台中市北屯區昌平路二段2-49號,04-22411258
清心福全,台中北屯東山二店,台中市北屯區東山路一段156號,04-24350099
清心福全,台中北屯區遼寧店,台中市北屯區松竹路二段169號,04-22465578
清心福全,台中北屯松竹店,台中市北屯區松竹路二段376號,04-22491191
清心福全,台中熱河店,台中市北屯區熱河路二段180號,04-22470776
清心福全,台中北屯興安店,台中市北屯區興安路一段273號,04-22462618
清心福全,台中北屯東山店,台中市北屯區軍功路二段102號,04-22399916
清心福全,台中南區南門店,台中市南區南門路128號,04-22856262
清心福全,台中南區國光店,台中市南區國光路156-3號,04-22850893
清心福全,台中南區大慶店,台中市南區大慶街二段11號,04-22627938
清心福全,台中南區工學店,台中市南區工學路147號,04-22611711
清心福全,台中南區忠孝店,台中市南區忠孝路186號,04-22812121
清心福全,台中南區健康店,台中市南區美村南路19號,04-22651117
清心福全,台中南區高工店,台中市南區高工路287號,04-22625611
清心福全,台中高工門市,台中市南區高工路321號,04-22602277
清心福全,台中南屯寶山店,台中市南屯區五權西路三段97號,04-23820569
清心福全,台中南屯區南屯店,台中市南屯區南屯路二段105號,04-24755185
清心福全,台中南屯向心南店,台中市南屯區向心南路956號,04-24758366
清心福全,台中南屯萬壽店,台中市南屯區大墩路465號,04-23293366
清心福全,台中南屯大業店,台中市南屯區大業路277號,04-23288982
清心福全,台中南屯文山店,台中市南屯區忠勇路99-1號,04-23801885
清心福全,台中南屯東興店,台中市南屯區東興路二段270號,04-24725212
清心福全,台中南屯永春南店,台中市南屯區永春南路68號,04-23800371
清心福全,台中南屯黎明店,台中市南屯區黎明路一段118號,04-24701935
清心福全,台中南屯永鎮店,台中市南屯區黎明路一段942-2號,04-23809911
清心福全,台中南屯三厝二店,台中市南屯區黎明路二段323號,04-22546616
清心福全,后里公安店,台中市后里區公安路56號,04-25588827
清心福全,后里甲后店,台中市后里區甲后路442號,04-25567995
清心福全,外埔甲后店,台中市外埔區甲后路717號,04-26801965
清心福全,大甲光明店,台中市大甲區光明路19號,04-26761186
清心福全,大甲蔣公店,台中市大甲區蔣公路223號,04-26882861
清心福全,大甲通天店,台中市大甲區通天路218號,04-26811618
清心福全,大甲青年店,台中市大甲區青年路55號,04-26817080
清心福全,大甲順天店,台中市大甲區順天路193號,04-26881565
清心福全,大肚沙田二店,台中市大肚區沙田路一段327號,04-26932067
清心福全,大肚沙田店,台中市大肚區沙田路二段548-2號,04-26990986
清心福全,大肚遊園二店,台中市大肚區遊園路二段37號,04-26911908
清心福全,大里中興店,台中市大里區中興路二段183-7號,04-24817168
清心福全,大里中興二店,台中市大里區中興路二段588號,04-24852666
清心福全,大里仁化店,台中市大里區仁化路200-5號,04-24938538
清心福全,大里仁愛店,台中市大里區仁化路458-3號,04-24920357
清心福全,大里塗城店,台中市大里區塗城路561號,04-24966778
清心福全,大里鳳城店,台中市大里區塗城路950號,04-24969891
清心福全,大里大明店,台中市大里區大明路288號,04-24824888
清心福全,大里國光店,台中市大里區大里路238號,04-24079118
清心福全,大里爽文店,台中市大里區大里路408-1號,04-24073218
清心福全,大里新仁店,台中市大里區新仁路一段123-9號,04-22759299
清心福全,大里東榮店,台中市大里區東榮路103號,04-24870618
清心福全,大雅中清店,台中市大雅區中清路四段283號,04-25608516
清心福全,大雅學府店,台中市大雅區學府路162號,04-25652776
清心福全,大雅民生店,台中市大雅區民生路一段185號,04-25602727
清心福全,大雅永和店,台中市大雅區永和路142-15號,04-25692373
清心福全,大雅雅潭店,台中市大雅區雅潭路四段48號,04-25652278
清心福全,大雅雅環店,台中市大雅區雅環路一段325號,04-25603586
清心福全,太平勤益店,台中市太平區中山路一段272號,04-23918688
清心福全,太平中山店,台中市太平區中山路三段54號,04-23922182
清心福全,太平新福店,台中市太平區中山路四段143號,04-23980300
清心福全,太平新福新門市,台中市太平區中山路四段203號,04-23950022
清心福全,太平中興店,台中市太平區中興路140號,04-23511776
清心福全,太平光興店,台中市太平區光興路640號,04-22715122
清心福全,台中太平店,台中市太平區太平路156號,04-22758779
清心福全,太平新平店,台中市太平區新平路二段83號,04-22755895
清心福全,太平東平店,台中市太平區東平路495號,04-22730369
清心福全,太平樹孝店,台中市太平區樹孝路95號,04-23937717
清心福全,太平廣三店,台中市太平區樹德路233號,04-23950077
清心福全,新社興安路,台中市新社區興安路18-40號,04-25823417
清心福全,東勢中山店,台中市東勢區中山路58號,04-25875779
清心福全,東勢豐勢店,台中市東勢區豐勢路68號,04-25888279
清心福全,台中東區十甲店,台中市東區十甲路412號,04-22152516
清心福全,台中東區大智店,台中市東區大智路59號,04-22258299
清心福全,台中東區建成店,台中市東區建成路661號,04-22810599
清心福全,台中東區復興店,台中市東區復興路四段147號,04-22218893
清心福全,台中振興門市,台中市東區振興路359號,04-22151815
清心福全,台中東區樂成店,台中市東區樂業路198號,04-22115329
清心福全,台中東區樂業店,台中市東區樂業路449號,04-22151815
清心福全,梧棲中央店,台中市梧棲區中央路一段914-3號,04-26581569
清心福全,梧棲文化店,台中市梧棲區文化路二段268號,04-26571693
清心福全,沙鹿竹林店,台中市沙鹿區中山路184號,04-26633939
清心福全,沙鹿中山店,台中市沙鹿區中山路613號,04-26657136
清心福全,沙鹿中興店,台中市沙鹿區中興路430,04-26368327
清心福全,沙鹿光華店,台中市沙鹿區光華路345號,04-26656136
清心福全,沙鹿鎮南店,台中市沙鹿區興安路1號,04-26367373
清心福全,沙鹿靜宜店,台中市沙鹿區英才路11-2號,04-26523388
清心福全,清水中山店,台中市清水區中山路199號,04-26222867
清心福全,清水中華店,台中市清水區中華路470號,04-26223673
清心福全,潭子光陽店,台中市潭子區光陽路36號,04-25362558
清心福全,潭子勝利店,台中市潭子區勝利路127號,04-25355829
清心福全,潭子大新店,台中市潭子區大新路88號,04-25361356
清心福全,潭子東寶店,台中市潭子區大明一路1號,04-25341422
清心福全,潭子興華店,台中市潭子區大豐路三段62號,04-25317571
清心福全,潭子榮興店,台中市潭子區榮興街47號,04-25359171
清心福全,潭子祥和店,台中市潭子區祥和路167號,04-25390099
清心福全,潭子豐興店,台中市潭子區豐興路一段467號,04-25395345
清心福全,潭子雅潭店,台中市潭子區雅潭路一段131號,04-25332386
清心福全,潭子頭張店,台中市潭子區頭張路一段42號,04-25341917
清心福全,烏日成功店,台中市烏日區中山路3段593號,04-23365899
清心福全,烏日中山店,台中市烏日區中山路一段310號,04-23375661
清心福全,烏日中華店,台中市烏日區中華路581號,04-23388978
清心福全,烏日溪南店,台中市烏日區溪南路一段630號,04-23355861
清心福全,神岡中山店,台中市神岡區中山路1436號,04-25626969
清心福全,台中神岡大州,台中市神岡區大洲路313號,04-25227575
清心福全,神岡民生店,台中市神岡區民生路27號,04-25626569
清心福全,台中神岡豐洲店,台中市神岡區豐洲路186號,04-25122805
清心福全,台中西區五權二店,台中市西區五權路56-2號,04-22050266
清心福全,台中西區公益店,台中市西區公益路188-3號,04-23261900
清心福全,台中向上店,台中市西區向上路一段235號,04-23016060
清心福全,台中西區林森店,台中市西區林森路249號,04-23718116
清心福全,台中精誠新,台中市西區精誠路232號,04-23208812
清心福全,台中西區公正店,台中市西區美村路一段229號,04-23020918
清心福全,台中美村店,台中市西區美村路一段666號,04-23785129
清心福全,台中西區忠誠店,台中市西區美村路一段85號,04-23194589
清心福全,台中西屯中工店,台中市西屯區中工三路163號,04-23588876
清心福全,台中西屯中康店,台中市西屯區中清路176之1-13號,04-24256622
清心福全,台中西屯大墩店,台中市西屯區大墩路864號,04-23207668
清心福全,台中西屯工業店,台中市西屯區工業一路98號,04-23591618
清心福全,台中西屯市政店,台中市西屯區市政路614號,04-22515176
清心福全,台中西屯櫻花店,台中市西屯區櫻花路86號,04-23176122
清心福全,西屯店,台中市西屯區河南路二段229號,04-24527812
清心福全,台中西屯河南店,台中市西屯區河南路二段471-3號,04-27080185
清心福全,台中西屯大信二店,台中市西屯區甘肅路一段188號,04-23153711
清心福全,台中西屯福星北店,台中市西屯區福星路325號,04-27061388
清心福全,台中西屯福星二店,台中市西屯區福星路583號,04-24515666
清心福全,台中西屯福星店,台中市西屯區福星路596號,04-27081717
清心福全,台中西屯福科店,台中市西屯區福科路925號,04-24632258
清心福全,台中西屯福林二店,台中市西屯區西屯路3段166之19號,04-24652286
清心福全,西屯福林店,台中市西屯區西屯路三段151-7號,04-24632168
清心福全,台中大信店,台中市西屯區西屯路二段21-1號,04-23132686
清心福全,西屯二店,台中市西屯區西屯路二段296-3號,04-27072876
清心福全,豐原三民店,台中市豐原區三民路111號,04-25256115
清心福全,豐原三豐店,台中市豐原區三豐路704號,04-25150558
清心福全,豐原豐大店,台中市豐原區中正路688號,04-25238566
清心福全,豐原中正店,台中市豐原區中正路729號,04-25270175
清心福全,豐原南陽店,台中市豐原區南陽路406號,04-25224868
清心福全,豐原市前店,台中市豐原區市前街9號,04-25207829
清心福全,豐原成功門市,台中市豐原區成功路173號,04-25121265
清心福全,豐原水源店,台中市豐原區水源路213號,04-25255538
清心福全,豐原田心店,台中市豐原區田心路二段188號,04-25151885
清心福全,石岡豐勢店,台中市豐原區豐勢路二段766號,04-25821168
清心福全,豐原豐東店,台中市豐原區豐東路212號,04-25283916
清心福全,霧峰德維店,台中市霧峰區中正路1118號,04-23311166
清心福全,霧峰中正店,台中市霧峰區中正路822號,04-23331658
清心福全,霧峰四德店,台中市霧峰區四德路350號,04-23319911
清心福全,霧峰樹仁店,台中市霧峰區四德路56號,04-23318898
清心福全,霧峰民生店,台中市霧峰區民生路268號,04-23326681
清心福全,龍井中央店,台中市龍井區中央路二段239號,04-26380783
清心福全,龍井國際店,台中市龍井區國際街149號,04-26338867
清心福全,龍井新興店,台中市龍井區新興路38-5號,04-26521766
清心福全,龍井遊園店,台中市龍井區遊園南路151號,04-26529779
清玉,台中中正店,台中市中區中正路23號,04-2223-5521
清玉,台中水湳店,台中市北屯區中清路71號,04-2298-3838
清玉,台中昌平店,台中市北屯區昌平路一段284號,04-2242-7789
清玉,台中東山店,台中市北屯區東山路1段289之7號,04-24390568
清玉,台中忠孝店,台中市南區忠孝路128號,04-2285-7123
清玉,台中大墩店,台中市南屯區大墩十一街288號,04-2320-6779
清玉,台中嶺東店,台中市南屯區永春南路80號,04-2380-5223
清玉,台中黎南店,台中市南屯區黎明路一段1129號,04-2382-1771
清玉,台中黎明店,台中市南屯區黎明路二段342號,04-2252-1178
清玉,大甲順天店,台中市大甲區順天路167號,04-2686-1899
清玉,大肚沙田店,台中市大肚區沙田路二段744號,04-26999919
清玉,大里中興店,台中市大里區中興路2段165號,待回報
清玉,大里塗城店,台中市大里區中興路一段330號,04-2492-0963
清玉,台中清泉崗店,台中市大雅區中清路四段289-1號,04-2566-3362
清玉,大雅民生店,台中市大雅區民生路一段27號,04-2568-6025
清玉,太平新高店,台中市太平區中山路4段51號,04-23921919
清玉,台中勤益店,台中市太平區中山路一段247號,04-23938662
清玉,太平中山店,台中市太平區中山路四段184號,04-2395-8822
清玉,台中大智店,台中市東區大智路5號,04-2221-1868
清玉,台中梧棲店,台中市梧棲區文化路二段157號,04-2657-6838
清玉,沙鹿巨業店,台中市沙鹿區中山路266號,04-2665-2777
清玉,台中清水店,台中市清水區中山路267號,04-2622-2185
清玉,潭子勝利店,台中市潭子區勝利路315號,04-2531-1818
清玉,烏日明道店,台中市烏日區中山路一段470號,04-2337-8489
清玉,烏日溪南店,台中市烏日區溪南路一段612號,04-2335-5422
清玉,神岡中山店,台中市神岡區中山路480號,04-2562-7500
清玉,神岡豐洲店,台中市神岡區豐洲路458號,04-2525-0566
清玉,台中健行店,台中市西區健行路599號,04-22077889
清玉,台中民生店,台中市西區民生路153-1號,04-2225-2576
清玉,台中勤美店,台中市西區美村路一段163號,04-2326-1228
清玉,台中美村店,台中市西區美村路一段574之3號,04-23781788
清玉,台中世貿店,台中市西屯區中工三路71-1號,04-2355-2388
清玉,台中福星2店,台中市西屯區福星路332-1號,04-24515158
清玉,台中福星1店,台中市西屯區福星路649號,04-2452-6425
清玉,台中中科店,台中市西屯區西屯路三段150-56號,04-2463-8188
清玉,台中西屯店,台中市西屯區西屯路三段34-1號,04-2708-1010
清玉,台中朝馬店,台中市西屯區黎明路二段903號,04-2259-1008
清玉,豐原博愛店,台中市豐原區博愛街55號,04-2520-2255
清玉,台中國際店,台中市龍井區國際街150號,04-2631-2345
清玉,台中東海店,台中市龍井區臺灣大道五段3巷49號,04-2633-0789
清玉,台中青海店,台中西屯區漢口路二段2號,04-2314-5799
喫茶趣,自由店,台中市中區自由路二段71號,04-2224-5761
喫茶趣,大墩店,台中市南屯區大墩路791號,04-2328-2695
喫茶趣,台中港三井店,台中市梧棲區台灣大道十段168號2樓(誠品書店內),04-2656-7505
喫茶趣,美村店,台中市西區美村路1段58號,04-2327-3300
喫茶趣,美村店,台中市西區美村路一段58號,04-2327-3300
喫茶趣,台中老虎城店,台中市西屯區TigerCity老虎城河南路三段120號,04-3606-8899
喫茶趣,台中大遠百店,台中市西屯區台灣大道三段251號B2,04-2259-3365
喫茶趣,台中店(老虎城),台中市西屯區河南路3段120號B1(TigerCity),04-3606-8899
喫茶小舖,中華店,台中市中區中華路一段116號,04-22290036
喫茶小舖,公園店,台中市中區公園路22號,04-22255111
喫茶小舖,五權店,台中市北區五權路176-15號,04-22063689
喫茶小舖,健行店,台中市北區健行路538號,04-22077936
喫茶小舖,北平店,台中市北區北平路二段112號,04-22917846
喫茶小舖,北平二店,台中市北區北平路二段25-5號,04-22912366
喫茶小舖,一中太平店,台中市北區太平路93號,04-22269933
喫茶小舖,民權店（品牌旗艦店）,台中市北區民權路474號,04-22055533
喫茶小舖,永興店,台中市北區永興街107號,04-22385533
喫茶小舖,漢口店,台中市北區漢口路四段369號,04-22365553
喫茶小舖,一中育才北店,台中市北區育才北路48號,04-22265533
喫茶小舖,興進店,台中市北區興進路74號,04-22355533
喫茶小舖,中清店,台中市北屯區中清路108-29號,04-24262977
喫茶小舖,水湳一店,台中市北屯區中清路二段150號,04-22980850
喫茶小舖,中清店,台中市北屯區中清路二段926號,04-24262977
喫茶小舖,北屯太原店,台中市北屯區北屯路174號,04-22355858
喫茶小舖,北平三店,台中市北屯區北平路三段160號,04-22349230
喫茶小舖,四張犁店,台中市北屯區后庄路1126號,04-24227390
喫茶小舖,四平店,台中市北屯區四平路11號,04-22956162
喫茶小舖,昌平店,台中市北屯區昌平路一段196號,04-22315182
喫茶小舖,昌平二店,台中市北屯區昌平路二段2-32號,04-22475313
喫茶小舖,東山店,台中市北屯區東山路一段65號,04-24375318
喫茶小舖,大坑東山店,台中市北屯區東山路二段35號,04-22393330
喫茶小舖,松竹店,台中市北屯區松竹路二段100號,04-22467865
喫茶小舖,興安店,台中市北屯區興安路一段231號,04-22413822
喫茶小舖,軍功店,台中市北屯區軍功路一段728號,04-24378377
喫茶小舖,南門店,台中市南區南門路148號,04-22852098
喫茶小舖,忠孝二店,台中市南區台中路63號,04-22278977
喫茶小舖,大慶店,台中市南區大慶街二段12-8號,04-22600089
喫茶小舖,復興店,台中市南區復興路一段479號,04-22605605
喫茶小舖,忠孝店,台中市南區忠孝路131號,04-22859682
喫茶小舖,美村南店,台中市南區美村南路249號,04-22607280
喫茶小舖,美村光輝店,台中市南區美村路二段74號,04-23760855
喫茶小舖,公益二店,台中市南屯區公益路二段154號,04-23271330
喫茶小舖,東興南屯店,台中市南屯區南屯路二段48號,04-24730180
喫茶小舖,向心南店,台中市南屯區向心南路974號,04-24738810
喫茶小舖,大墩二店,台中市南屯區大墩路239號,04-24735503
喫茶小舖,大墩店,台中市南屯區大墩路912號,04-23274818
喫茶小舖,永春店,台中市南屯區忠勇路12-23,04-23808766
喫茶小舖,永春店,台中市南屯區永春路37號,04-23808766
喫茶小舖,黎明南屯店,台中市南屯區黎明路一段1035號,04-23853388
喫茶小舖,黎明二店,台中市南屯區黎明路二段500號,04-22589568
喫茶小舖,后里甲后店,台中市后里區甲后路436號,04-25586368
喫茶小舖,后里甲后店,台中市后里區甲后路一段646號,04-25586368
喫茶小舖,后里甲后店,台中市外埔區甲后路436號,04-25586368
喫茶小舖,大甲東店,台中市外埔區甲后路715號,04-26868121
喫茶小舖,大甲東店,台中市外埔區甲后路五段５５號,04-26868121
喫茶小舖,大甲日南店,台中市大甲區日南里青年路76號,04-26816895
喫茶小舖,大甲蔣公店,台中市大甲區蔣公路155號,04-26868102
喫茶小舖,大里中興店,台中市大里區中興路二段392-2號,04-24850747
喫茶小舖,大里中興店,台中市大里區中興路二段392之2號,04-24850747
喫茶小舖,大里大明店,台中市大里區大明路239號,04-24875869
喫茶小舖,大里大明店,台中市大里區大明路263號,04-24875869
喫茶小舖,大里成功店,台中市大里區成功二路118號,04-24965977
喫茶小舖,大里成功店,台中市大里區成功二路1號,04-24965977
喫茶小舖,大里東榮店,台中市大里區東榮路318號,04-24820920
喫茶小舖,大里長興店,台中市大里區長興一街25號1樓,04-24065757
喫茶小舖,大雅清泉崗店,台中市大雅區中清路四段297號,04-25603531
喫茶小舖,大雅清泉崗店,台中市大雅區中清路四段879號,04-25603531
喫茶小舖,大雅學府店,台中市大雅區學府路318號,04-25603199
喫茶小舖,太平勤益店,台中市太平區中山路一段266號,04-23933378
喫茶小舖,太平中山店,台中市太平區中山路三段88號,04-23939396
喫茶小舖,太平精武店,台中市太平區中山路四段162號,04-23951777
喫茶小舖,太平慈明店,台中市太平區光德路375巷7號,04-22778001
喫茶小舖,太平長億店,台中市太平區太平路100號,04-22771165
喫茶小舖,太平太平店,台中市太平區太平路595號,04-22761175
喫茶小舖,太平新仁店,台中市太平區新仁路一段204-1號,04-22737058
喫茶小舖,太平新仁店,台中市太平區新仁路一段204號,04-22737058
喫茶小舖,太平新平店,台中市太平區新平路二段164號,04-22799592
喫茶小舖,太平東平店,台中市太平區東平路820號,04-22788890
喫茶小舖,太平樹孝店,台中市太平區樹孝路61號,04-23936678
喫茶小舖,太平樹德二店,台中市太平區樹德路306號,04-23952993
喫茶小舖,太平樹德店,台中市太平區樹德路61號,04-23959885
喫茶小舖,新社店,台中市新社區興安路18號,04-25820667
喫茶小舖,東勢中山店,台中市東勢區中山路57號,04-25872088
喫茶小舖,十甲東店,台中市東區十甲東路574號,04-22135667
喫茶小舖,大智店,台中市東區大智路13號,04-22203118
喫茶小舖,大智店,台中市東區大智路57號,04-22278977
喫茶小舖,振興店,台中市東區振興路345號,04-22113977
喫茶小舖,自由店,台中市東區自由路三段197號,04-22152755
喫茶小舖,自由店,台中市東區自由路三段203號,04-22152755
喫茶小舖,沙鹿靜宜店,台中市沙鹿區中棲路173號,04-26334135
喫茶小舖,沙鹿光華店,台中市沙鹿區光華路321號,04-26628528
喫茶小舖,沙鹿光華店,台中市沙鹿區光華路333號,04-26628528
喫茶小舖,清水中山店,台中市清水區中山路164號,04-26228800
喫茶小舖,潭子勝利店,台中市潭子區勝利路280號,04-25356299
喫茶小舖,潭子大豐店,台中市潭子區大豐路三段128-25號,04-25314058
喫茶小舖,潭子大豐店,台中市潭子區大豐路三段128之25號,04-25314058
喫茶小舖,潭子復興店,台中市潭子區復興路一段42-1號,04-25360176
喫茶小舖,大雅馬岡店,台中市潭子區雅潭路一段131號,04-25668224
喫茶小舖,潭子頭張店,台中市潭子區頭張路1段143號,04-25340342
喫茶小舖,烏日中山店,台中市烏日區中山路二段181號,04-23375652
喫茶小舖,烏日林新店,台中市烏日區健行路298號,04-23366438
喫茶小舖,烏日溪南店,台中市烏日區溪南路一段710號,04-23358053
喫茶小舖,神岡中山店,台中市神岡區中山路1306號左側,04-25621308
喫茶小舖,神岡社口店,台中市神岡區中山路637號,04-25617623
喫茶小舖,神岡中正店,台中市神岡區中正路82號,04-25622201
喫茶小舖,中華師苑店,台中市西區中華路一段3號,04-22293300
喫茶小舖,公益店,台中市西區公益路98號,04-23262926
喫茶小舖,向上店,台中市西區向上路一段185號,04-23026233
喫茶小舖,林森店,台中市西區林森路241號,04-23722030
喫茶小舖,繼光店,台中市西區民權路71號,04-22256575
喫茶小舖,精誠店,台中市西區精誠路105-5號,04-23209033
喫茶小舖,精誠店,台中市西區精誠路91號,04-23209033
喫茶小舖,繼光三代店,台中市西區繼光街21號,04-22256575
喫茶小舖,美村店,台中市西區美村路一段648號,04-23755050
喫茶小舖,廣福店,台中市西屯區廣福路318號,04-27067566
喫茶小舖,東海學生餐廳店,台中市西屯區東海大學中港路三段181號,04-23550655
喫茶小舖,河南店,台中市西屯區河南路二段362號,04-27003363
喫茶小舖,福星店,台中市西屯區福星路317號,04-27003696
喫茶小舖,福星二店,台中市西屯區福星路586號,04-27075339
喫茶小舖,中科店,台中市西屯區西屯路三段166-4號,04-24613956
喫茶小舖,中科店,台中市西屯區西屯路三段166之4號,04-24613956
喫茶小舖,西屯總店,台中市西屯區西屯路二段10-3號,04-23140999
喫茶小舖,青海店,台中市西屯區青海路一段15號,04-23115533
喫茶小舖,黎明朝富店,台中市西屯區黎明路二段943號,04-22551751
喫茶小舖,豐原三豐店,台中市豐原區三豐路632號,04-25286468
喫茶小舖,豐原三豐店,台中市豐原區三豐路二段108號,04-25286468
喫茶小舖,豐原中正店,台中市豐原區中正路755號,04-25266626
喫茶小舖,豐原信義店,台中市豐原區信義街107號,04-25255211
喫茶小舖,豐原向陽店,台中市豐原區向陽路136號,04-25298183
喫茶小舖,豐原成功店,台中市豐原區成功路186號,04-25272875
喫茶小舖,豐原豐勢店,台中市豐原區豐勢路二段760號,04-25132708
喫茶小舖,豐原豐北店,台中市豐原區豐北街334號,04-25151966
喫茶小舖,豐原豐東店,台中市豐原區豐東路156號,04-25228866
喫茶小舖,霧峰中正店,台中市霧峰區中正路1160號,04-23300520
喫茶小舖,霧峰中正店,台中市霧峰區中正路899號,04-23300520
喫茶小舖,霧峰四德店,台中市霧峰區四德路401號,04-23301239
喫茶小舖,霧峰樹仁店,台中市霧峰區樹仁路56號,04-23301239
喫茶小舖,東海國際店,台中市龍井區國際街151號,04-26315695
喫茶小舖,東海新興店,台中市龍井區新興路38-8號,04-26334568
喫茶小舖,東海遊園南店,台中市龍井區遊園南路238號,04-26525755
喫茶小舖,東海遊園南店,台中市龍井區遊園南路268號,04-26525755
英國藍,台中大德店,台中市北區大德街57號,04-22035003
英國藍,台中北平店,台中市北屯區北平路三段148號,04-22361718
英國藍,台中忠孝店,台中市南區忠孝路149-1號,04-22852821
英國藍,台中大雅學府店,台中市大雅區學府路139號,04-25667477
嚮茶,台中中友店,台中市北區三民路三段193號,04-22259959
嚮茶,台中昌平店,台中市北區瀋陽路三段189號,04-22438985
嚮茶,台中昌平店,台中市北屯區瀋陽路三段189號,04-22438985
嚮茶,台中河南店,台中市南屯區河南路四段500號,04-23808242
嚮茶,靜宜大學店,台中市沙鹿區靜宜大學中棲路200號,04-26311078
50嵐,公園店,台中市中區公園路28號,04-2223-7886
50嵐,一中店,台中市北區一中街87-1號,04-22256688
50嵐,健行店,台中市北區健行路516號,04-2208-3365
50嵐,北平店,台中市北區北平路二段168號,04-2299-3093
50嵐,一中二店,台中市北區太平路85號,04-2226-1616
50嵐,學士店,台中市北區學士路45號,04-2206-8891
50嵐,一中二店,台中市北區新興里太平路85號,04-22261616
50嵐,漢口二店,台中市北區漢口路三段223號,04-22952282
50嵐,漢口一店,台中市北區漢口路四段369-3號,04-22319228
50嵐,英才店,台中市北區英才路304號,04-22038190
50嵐,西屯店,台中市北區西屯路一段339號,04-2329-6608
50嵐,雙十店,台中市北區雙十路二段33號,04-2223-5255
50嵐,水湳店,台中市北屯區中清路二段367號,04-2296-6555
50嵐,四平店,台中市北屯區四平路435號,04-2422-3458
50嵐,崇德店,台中市北屯區崇德路2段289號,04-2246-3233
50嵐,崇德店,台中市北屯區崇德路二段289號,04-2246-3233
50嵐,昌平店,台中市北屯區昌平路一段210號,04-2238-9699
50嵐,東山店,台中市北屯區東山路一段138-1號,04-2436-9970
50嵐,東山店,台中市北屯區東山路一段138之1號,04-2436-9970
50嵐,軍功新店,台中市北屯區東山路一段262號,04-24375774
50嵐,松竹店,台中市北屯區松竹路二段101號,04-2247-3400
50嵐,興大南門店,台中市南區南門路166號,04-22855110
50嵐,大慶店,台中市南區大慶街2段6之5號,04-2260-2913
50嵐,大慶店,台中市南區大慶街二段6-5號,04-2260-2913
50嵐,興大學府店,台中市南區學府路40號,04-22855515
50嵐,復興店,台中市南區復興路一段487號,04-2262-7758
50嵐,忠孝店,台中市南區忠孝路160號,04-2285-5810
50嵐,美村南店,台中市南區美村南路235號,04-2261-3558
50嵐,公益店,台中市南屯區公益路二段158號,04-23272655
50嵐,向上二店,台中市南屯區向上路二段472號,04-2380-3575
50嵐,向心南店,台中市南屯區向心南路972號,04-2472-6575
50嵐,大墩一店,台中市南屯區大墩路271號,04-2473-6708
50嵐,大墩二店,台中市南屯區大墩路803號,04-2320-7120
50嵐,嶺東店,台中市南屯區忠勇路43-4號,04-2380-8356
50嵐,忠勇店,台中市南屯區忠勇路80-26-1號,04-23808707
50嵐,東興二店,台中市南屯區東興路2段5號,04-2473-3918
50嵐,東興二店,台中市南屯區東興路二段5號,04-2473-3918
50嵐,嶺東店,台中市南屯區永春南路47號,04-2380-8356
50嵐,永春店,台中市南屯區黎明路一段1021號,04-2389-5938
50嵐,黎明三店,台中市南屯區黎明路一段51號,04-24791332
50嵐,黎明一店,台中市南屯區黎明路二段368號,04-2253-3226
50嵐,后里四村店,台中市后里區四村路106號,04-25567666
50嵐,后里甲后店,台中市后里區甲后路387號,04-2557-6606
50嵐,大甲蔣公店,台中市大甲區蔣公路161號,04-2688-0150
50嵐,大甲順天店,台中市大甲區順天196號,04-2686-3090
50嵐,大甲順天店,台中市大甲區順天路196號,04-2686-3090
50嵐,大肚店,台中市大肚區沙田路2段638號,04-26992436
50嵐,大里中興二店,台中市大里區中興路一段197號,04-24953980
50嵐,大里中興店,台中市大里區中興路二段386-13號,04-2483-4783
50嵐,大里中興店,台中市大里區中興路二段386之13號,04-2483-4783
50嵐,大里大明店,台中市大里區大明路328號,04-2482-1333
50嵐,大里成功店,台中市大里區成功二路36號,04-2496-3457
50嵐,大里成功店,台中市大里區成功二路6號,04-2496-3457
50嵐,清泉崗店,台中市大雅區中清路四段895號,04-2565-1488
50嵐,大雅民生店,台中市大雅區民生路一段181號,04-2568-2533
50嵐,太平中山店,台中市太平區中山路四段208號,04-2395-3980
50嵐,太平太平店,台中市太平區中興路97號,04-2276-5466
50嵐,太平十甲店,台中市太平區十甲路623號,04-22761717
50嵐,太平長億店,台中市太平區太平路158號,04-22757277
50嵐,太平樹孝店,台中市太平區樹孝路43-3號,04-2395-5506
50嵐,中興嶺店,台中市新社區中興村協中街170號,04-2582-5382
50嵐,東勢中山店,台中市東勢區中山路51號,04-2587-5507
50嵐,東勢豐勢店,台中市東勢區豐勢路218號,04-25872727
50嵐,大智店,台中市東區大智路9號,04-22219899
50嵐,樂業店,台中市東區樂業路192號,04-22155050
50嵐,梧棲中央店,台中市梧棲區中央路一段666-16號,04-26576776
50嵐,梧棲店,台中市梧棲區文化路二段117號,04-2657-3046
50嵐,沙鹿中山新店,台中市沙鹿區中山路187號,04-2662-1882
50嵐,沙鹿靜宜店,台中市沙鹿區北勢東路519號,04-2652-3432
50嵐,沙鹿鹿寮店,台中市沙鹿區成功東街58號,04-26657900
50嵐,沙鹿鎮南店,台中市沙鹿區鎮南路二段594號,04-26628202?
50嵐,清水中山店,台中市清水區中山路192號,04-26226999
50嵐,清水中山店,台中市清水區中山路297號,04-2622-6999
50嵐,潭子勝利店,台中市潭子區勝利路340號,04-2534-3191
50嵐,潭子頭張店,台中市潭子區頭張路一段123號,04-25310533
50嵐,烏日中山店,台中市烏日區中山路一段462號,04-2336-9583
50嵐,神岡豐州店,台中市神岡區五權路97號,04-25278833
50嵐,豐原社口店,台中市神岡區社口村中山路490號,04-2561-2520
50嵐,社口店,台中市神岡區社口村中山路606號,04-2561-2520
50嵐,南屯店,台中市西區南屯路一段21號,04-2376-1035
50嵐,向上店,台中市西區向上路1段388-1號,04-2310-1313
50嵐,向上店,台中市西區向上路一段388-1號,04-23101313
50嵐,忠明南店,台中市西區忠明南路411號,04-23766076
50嵐,繼光店,台中市西區民權路59號,04-2229-3555
50嵐,繼光店,台中市西區民權路59號1樓,04-2229-3555
50嵐,民生店,台中市西區民生路163號,04-2229-8088
50嵐,精誠店,台中市西區精誠路77號,04-23209550
50嵐,美村店,台中市西區美村路一段141號,04-23206326
50嵐,國美店,台中市西區美村路一段662-1號,04-23786326
50嵐,世貿店,台中市西屯區中工三路36號,04-2355-3700
50嵐,世貿店,台中市西屯區中工三路36號1F,04-23553700
50嵐,水湳店,台中市西屯區中清路99-22號,04-2296-6555
50嵐,寧夏店,台中市西屯區寧夏路205-1號,04-2315-5086
50嵐,七期朝富路,台中市西屯區朝富路142號,04-22521177
50嵐,河南店,台中市西屯區河南路二段396號,04-2452-9800
50嵐,河南店,台中市西屯區河南路二段396號1F,04-24529800
50嵐,中科玉門店,台中市西屯區玉門路104號,04-2463-0138
50嵐,中科玉門店,台中市西屯區福科里玉門路104號,04-24630138
50嵐,永安店,台中市西屯區西屯路三段148-40號,04-24620865
50嵐,中科店,台中市西屯區西屯路三段164-23號,04-24618766
50嵐,逢甲文華店,台中市西屯區逢甲大學文華路100號之3,04-2451-0551
50嵐,青海店,台中市西屯區青海路一段152號,04-2315-5088
50嵐,黎明二店,台中市西屯區黎明路三段329號,04-2452-6538
50嵐,豐原三民店,台中市豐原區三民路112號,04-2520-5502
50嵐,豐原中山店,台中市豐原區中山路375號,04-25260010
50嵐,豐原中正店,台中市豐原區中正路725號,04-2525-5062
50嵐,豐原南陽店,台中市豐原區南陽路309-2號,04-2515-8833
50嵐,霧峰中正店,台中市霧峰區中正路861號,04-2333-7597
50嵐,龍井中央店,台中市龍井區中央路二段164號,04-26307227
50嵐,東海二店,台中市龍井區台灣大道五段3巷72號,04-2652-7886
50嵐,東海二店,台中市龍井區新興路19-1號,04-2652-7886
50嵐,東海店,台中市龍井區遊園南路218號,04-2633-7720
鮮果力茶飲,台中工學店,台中市南區工學路36號,04-22650909
鮮果力茶飲,大里成功店,台中市大里區成功路467號,04-24933777
漢克茶飲,一中店,台中市北區育才北路46-2號,04-22255209
優汁台茶,五常店,台中市北區五常街156號,04-2203-3111
優汁台茶,北平店,台中市北屯區北平路三段164號,04-2238-7778
優汁台茶,林新店,台中市南屯區大墩十一街453號,04-2380-8225
優汁台茶,梧棲關連店,台中市梧棲區自強二街86巷13號,04-2630-5858
大沏茶,北屯昌平店,台中市北屯區昌平路一段400號,04-22472418
台茶1號,一中太平店,台中市北區太平路83號,04-22292220
台茶1號,台中學士店,台中市北區學士路138號,04-22355086
台茶1號,北屯昌平店,台中市北屯區昌平路一段248號,04-22333537
台茶1號,北屯松竹店,台中市北屯區松竹路二段235號,04-22450800
台茶1號,南區大慶店,台中市南區大慶街二段37號,04-22630005
台茶1號,后里甲后店,台中市后里區甲后路516號,04-25585921
台茶1號,和平谷關店,台中市和平區東關路一段103號,04-25950006
台茶1號,和平谷關店,台中市和平區東關路一段99號,04-25950006
台茶1號,大肚追分店,台中市大肚區沙田路一段564之6號,04-26930606
台茶1號,大里東榮店,台中市大里區東榮路479號,04-24822838
台茶1號,大雅民生店,台中市大雅區大雅區民生路一段141號,04-25609038
台茶1號,大雅民生店,台中市大雅區民生路一段141號,04-25609038
台茶1號,大雅雅潭店,台中市大雅區雅潭路三段449號,04-25691218
台茶1號,東勢豐勢店,台中市東勢區東勢區豐勢路401號,04-25888879
台茶1號,東勢豐勢店,台中市東勢區豐勢路452號,04-25888879
台茶1號,沙鹿站前店,台中市沙鹿區中正街39號,04-26630438
台茶1號,中山雅潭店,台中市潭子區中山路二段471號,04-25333528
台茶1號,潭子中山店,台中市潭子區中山路二段591號,04-25322436
台茶1號,台中潭子門市,台中市潭子區中山路二段88-90號,待網友回報
台茶1號,潭子總店,台中市潭子區圓通南路289號,04-2533-7663
台茶1號,中山雅潭店,台中市潭子區潭子區中山路二段471號,04-25333528
台茶1號,潭子中山店,台中市潭子區潭子區中山路二段591號,04-25322436
台茶1號,石岡豐勢店,台中市石岡區豐勢路1113號,04-25724723
台茶1號,神岡中山店,台中市神岡區中山路750號,04-25618300
台茶1號,神岡中山店,台中市神岡區神岡區中山路750號,04-25618300
台茶1號,神岡豐洲店,台中市神岡區豐洲路223號,04-25235277
台茶1號,大鵬店,台中市西屯區大鵬路53號,04-22994711
台茶1號,逢甲福星店,台中市西屯區福星路293號,04-2452-0896
台茶1號,西屯中科店,台中市西屯區西屯路三段宏福5巷4弄7號,04-24617179
台茶1號,豐原站前店,台中市豐原區三民路9號,04-2528-3386
台茶1號,豐原站前店,台中市豐原區豐原區三民路9號,04-2528-3386
台茶1號,豐原豐東店,台中市豐原區豐東路51-1號,04-25282628
台茶1號,豐原豐東店,台中市豐原區豐東路51號,04-25282628
台茶1號,台中東海店,台中市龍井區新興路40之3之1號,04-26315152
台茶1號,台中東海店,台中市龍井區龍井區新興路40之3之1號,04-26315152
超級達可,大里大明店,台中市大里區大明路195號,04-24875822
超級達可,潭子大豐店,台中市潭子區大豐路三段95號,04-25338300
大井烤茶,新昌店,台中市南區美村路二段260號,04-22654663
大井烤茶,大甲文武店,台中市大甲區文武路20號,04-26880299
大井烤茶,清水店,台中市清水區文昌街76號,04-26224979
大井烤茶,逢甲店,台中市西屯區文華路127巷18號,04-24523948
大井烤茶,信義店,台中市豐原區中山路216號,04-25229177
北回木瓜牛奶,台中逢甲旗艦店,台中市西屯區文華路7-6號,04-2707-3888
Ikiwi趣味果飲,台中大雅店,台中市大雅區雅環路1段340號,04-25652969
Ikiwi趣味果飲,台中民權店,台中市西區民權路89-3號,04-35076969
Ikiwi趣味果飲,台中中科店,台中市西屯區西屯路三段169-7號,04-24612127
Ikiwi趣味果飲,台中豐原博愛門市,台中市豐原區博愛街14號,04-2527-1880
六羨茶飲,台中太平店,台中市太平區太平路217號,04-22750773
2013初芽手作茶,台中后里店,台中市后里區甲后路391號,04-25590028
2013初芽手作茶,潭子中山店,台中市潭子區中山路二段452號,04-25323286
olife活力客,東海店,台中市龍井區新興路東興巷11號,04-2631-7011
茶的魔手,台中北平店,台中市北區北平路二段100-1號,04-22953666
茶的魔手,大里仁化店,台中市大里區仁化路584號,04-24915536
茶的魔手,大里金塗城店,台中市大里區塗城路775號,04-24930498
茶的魔手,台中大里店,台中市大里區大里路401號,04-24062717
茶的魔手,大雅中山店,台中市大雅區中山路135號,04-25601027
茶的魔手,大雅學府店,台中市大雅區學府路121之7號,04-25675058
茶的魔手,大雅學府店,台中市大雅區學府路250巷,04-25669538
茶的魔手,大雅店,台中市大雅區學府路250巷113號,04-25669538
茶的魔手,大雅雅潭店,台中市大雅區雅潭路164號,04-25608727
茶的魔手,大雅雅潭店,台中市大雅區雅潭路四段40號,04-25608727
茶的魔手,梧棲中央店,台中市梧棲區中央路一段915號,04-26569888
茶的魔手,沙鹿光大店,台中市沙鹿區光大路228號,04-26632388
茶的魔手,沙鹿鎮南店,台中市沙鹿區鎮南路二段602號,04-26651172
茶的魔手,潭子大豐店,台中市潭子區大豐路一段326號,04-25347666
茶的魔手,烏日店,台中市烏日區溪埧里溪南路一段662號,04-23358022
茶的魔手,神岡豐洲店,台中市神岡區豐洲路466號,04-25205252
茶的魔手,神岡豐洲店,台中市神岡區豐洲里豐洲路466之1號,04-25205252
茶的魔手,台中西屯店,台中市西屯區西屯路二段269-49號,04-24521152
茶的魔手,豐原田心店,台中市豐原區田心路二段219號,04-25297755
茶的魔手,四德店,台中市霧峰區四德路342號,04-23394326
茶的魔手,霧峰亞大店,台中市霧峰區柳豐路496號,04-23301972
茶的魔手,霧峰樹仁店,台中市霧峰區樹仁路60號,04-23398267
茶的魔手,龍井中央店,台中市龍井區中央路二段65號,04-2630-9995
茶的魔手,龍井東海店,台中市龍井區新興路53之2號,04-26325858
十二韻茶飲,永興店,台中市北區永興街155號,04-22353518
十二韻茶飲,水湳店,台中市北屯區大鵬路16-3號,04-2295-5099
十二韻茶飲,松竹店,台中市北屯區松竹路二段99號,04-2243-6689
十二韻茶飲,興安店,台中市北屯區興安路一段316號,04-22465889
十二韻茶飲,嶺東店,台中市南屯區忠勇路52-283號,04-2380-5007
十二韻茶飲,大里店,台中市大里區大明路195號,04-24818585
十二韻茶飲,太平中山店,台中市太平區中山路四段157號,04-23955069
十二韻茶飲,林森店,台中市西區林森路218號,04-23722373
十二韻茶飲,世貿店,台中市西屯區中工三路98之2號,04-23583738
十二韻茶飲,逢甲店,台中市西屯區河南路二段342號,04-24525008
茶聚,東勢三民店,台中市東勢區三民街41號,待網友回報
麻古茶坊,學士店,台中市北區學士路198號,04-22367058
麻古茶坊,台中漢口店,台中市北區漢口路三段160號,04-22990701
麻古茶坊,台中漢口店,台中市北區漢口路三段90號,04-22990701
麻古茶坊,台中太原店,台中市北屯區太原路三段1136-2號,04-24361223
麻古茶坊,昌平店,台中市北屯區昌平路一段107-7號1樓,04-22451717
麻古茶坊,台中美村南店,台中市南區美村南路92號,04-22608138
麻古茶坊,台中大里中興店,台中市大里區中興路二段183-5號,04-24866082
麻古茶坊,台中大里中興店,台中市大里區長榮里中興路二段183-5號,04-24866082
麻古茶坊,台中神岡店,台中市神岡區中山路604號,04-25626768
麻古茶坊,台中向上店,台中市西區向上路一段446號,04-23201661
麻古茶坊,台中青海店,台中市西屯區何厝里青海路1段30號,04-23146828
麻古茶坊,台中河南店,台中市西屯區河南路二段360號,04-24517766
麻古茶坊,台中中科店,台中市西屯區西屯路三段164-5號,04-24620000
麻古茶坊,台中青海店,台中市西屯區青海路一段30號,04-23146828
迷客夏,臺中自由店,40045 台中市中區自由路二段101號,04-2225-5082
迷客夏,臺中十甲店,40147 台中市東區十甲路450號,04-2213-5819
迷客夏,臺中工學店,40245 台中市南區工學路61號,04-2263-1619
迷客夏,臺中勤美店,40351 台中市西區美村路一段131號,04-2321-3779
迷客夏,臺中漢口店,40441 台中市北區漢口路三段90號,04-2297-8899
迷客夏,臺中進化店,40450 台中市北區進化路546號,04-2231-3111
迷客夏,臺中學士店,40454 台中市北區學士路191號,04-2207-9099
迷客夏,臺中山西店,40667 台中市北屯區山西路二段222-1號,04-2298-9768
迷客夏,臺中昌平店,40668 台中市北屯區昌平路二段2-6號,04-2246-2525
迷客夏,臺中逢甲店,40741 台中市西屯區福星路232號,04-2452-2882
迷客夏,臺中河南店,40744 台中市西屯區河南路二段275號,04-2708-5659
迷客夏,臺中中科店,40763 台中市西屯區西屯路三段159-2號,04-2462-5503
迷客夏,臺中黎明店,40841 台中市南屯區黎明路二段168號,04-2389-2058
迷客夏,臺中嶺東店,40852 台中市南屯區嶺東路24號,04-2380-3542
迷客夏,臺中大墩店,40864 台中市南屯區大墩六街257號,04-2471-1976
迷客夏,臺中向心南店,40876 台中市南屯區向心南路937號,04-2382-1763
迷客夏,臺中太平店,41169 台中市太平區樹孝路65號,04-2391-0999
迷客夏,臺中大里益民店,41256 台中市大里區益民路二段60號,04-2483-1603
迷客夏,臺中大里成功店,41279 台中市大里區成功二路61號,04-2492-8877
迷客夏,臺中霧峰店,41344 台中市霧峰區中正路1025號,04-2330-2461
迷客夏,臺中烏日店,41444 台中市烏日區中山路一段606號,04-2338-6986
迷客夏,臺中廟東店,42043 台中市豐原區信義街107號,04-2525-3868
迷客夏,臺中豐原南陽店,42087 台中市豐原區南陽路322號,04-2525-5080
迷客夏,臺中后里店,42144 台中市后里區甲后路一段505號,04-2558-6323
迷客夏,臺中潭子店,42750 台中市潭子區圓通南路283號,04-2535-2533
迷客夏,臺中大雅店,42866 台中市大雅區民生路一段179號,04-2568-0620
迷客夏,臺中大肚店,43242 台中市大肚區沙田路二段768號,04-2699-0508
迷客夏,臺中沙鹿店,43344 台中市沙鹿區中山路404-1號,04-2663-3652
迷客夏,臺中龍井東海店,43448臺中市龍井區臺灣大道五段3巷72號1樓,04-2633-0828
迷客夏,臺中梧棲店,43548 台中市梧棲區文化路二段191號,04-2657-3639
迷客夏,臺中大甲店,43745 台中市大甲區育德路13號,04-2680-5319
老賴茶棧,台中中華店,台中市中區中華路一段84號,04-2222-0506
老賴茶棧,台中學士店,台中市北區學士路156號,04-2235-0530
老賴茶棧,台中昌平店,台中市北屯區昌平路一段222號,04-2233-8300
老賴茶棧,台中工學店,台中市南區工學路13-15號,04-2261-8887
老賴茶棧,台中南屯店,台中市南屯區南屯路二段403號,04-2380-0285
老賴茶棧,台中嶺東店,台中市南屯區永春南路21號,04-2389-7911
老賴茶棧,大里塗城店,台中市大里區塗城路749號,04-2493-0082
老賴茶棧,台中大明店,台中市大里區大明路216號,04-2487-6800
老賴茶棧,台中大雅店,台中市大雅區學府路286號,04-25660113
老賴茶棧,台中新福店,台中市太平區中山路四段192號,04-2395-5102
老賴茶棧,台中太平店,台中市太平區太平路638號,04-2270-1996
老賴茶棧,台中梧棲店,台中市梧棲區文化路二段337號,04-26569111
老賴茶棧,台中沙鹿店,台中市沙鹿區成功東街53號,04-26628811
老賴茶棧,台中清水店,台中市清水區中山路263號,04-2623-1588
老賴茶棧,台中潭子店,台中市潭子區勝利路235號,04-2535-2236
老賴茶棧,烏日林新店,台中市烏日區榮和路206號,04-2336-0520
老賴茶棧,台中向上店,台中市西區向上路一段411號,04-2475-6775
老賴茶棧,台中勤美店,台中市西區美村路一段161號,04-2325-5757
老賴茶棧,台中水湳店,台中市西屯區大鵬路27號,04-2295-0202
老賴茶棧,台中永福店,台中市西屯區永福路175號,04-2461-0663
老賴茶棧,台中河南店,台中市西屯區河南路二段486號,04-2452-1367
老賴茶棧,台中青海店,台中市西屯區青海路一段3-4號,04-2315-1585
老賴茶棧,台中豐原店,台中市豐原區博愛街7號,04-2520-9666
老賴茶棧,台中霧峰店,台中市霧峰區中正路907號,04-23396883
珍煮丹,台中一中店,台中市北區一中街101號,04-2225-0386
珍煮丹,台中昌平店,台中市北屯區昌平路一段200號一樓,04-2235-0002
珍煮丹,台中南屯店,台中市南屯區南屯路二段393號,04-23863839
珍煮丹,台中大甲店,台中市大甲區順天路215號,04-2680-1566
珍煮丹,台中神岡店,台中市神岡區中山路480號,04-2561-3570
珍煮丹,台中精誠店,台中市西區精誠路196號1F,04-2310-8881
珍煮丹,台中勤美店,台中市西區美村路一段37號,04-2329-0002
珍煮丹,台中中工店,台中市西屯區中工三路42-1號,04-2359-4868
珍煮丹,台中豐原店,台中市豐原區三民路157號,04-2525-7155
再睡5分鐘,台中一中店,台中市北區尊賢街7號,04-22255010
五桐號,美村店,台中市西區美村路一段97號,04-23200857
清原芋圓,台中美村店,402台中市南區美村南路68-8號,04-22655758
清原芋圓,台中健行店,404台中市北區健行路408號,0985-488408
清原芋圓,台中漢口店,404台中市北區明德里漢口路三段84之3號1樓,04-22936634
清原芋圓,台中中科店,407台中市西屯區西屯路三段150之55號,04-24639063
清原芋圓,台中大墩店,408台中市南屯區大墩路270號,04-24737770
清原芋圓,台中樹孝店,411台中市太平區樹孝路418號1樓,04-23936093
清原芋圓,台中大明店,412台中市大里區大明路36號,04-24831283
清原芋圓,台中霧峰店,413台中市霧峰區中正路725號,04-23392858
清原芋圓,台中烏日店,414台中烏日區中山路一段461號,04-23370947
清原芋圓,台中潭子店,427台中市潭子區豐栗路1號,04-25345988
清原芋圓,台中大雅店,428台中市大雅區二和里學府路154號1樓,04-25600061
清原芋圓,台中沙鹿店,433台中沙鹿區興仁里鎮南路二段617號,04-26363997
清原芋圓,台中大甲店,437台中市大甲區鎮政路11號,04-26875832
可不可熟成紅茶,第二市場店,台中市中區台灣大道一段366號,04-2225-3222
可不可熟成紅茶,台中一中店,台中市北區一中街25號,04-2229-0233
可不可熟成紅茶,台中健行店,台中市北區健行路606號,04-2207-5998
可不可熟成紅茶,台中漢口店,台中市北區漢口路四段302號,04-2234-0088
可不可熟成紅茶,台中西屯店,台中市北區西屯路一段428號,04-2208-3853
可不可熟成紅茶,北屯四平店,台中市北屯區四平路9號,04-2295-7775
可不可熟成紅茶,北屯崇德店,台中市北屯區崇德二路二段22號,04-2247-4550
可不可熟成紅茶,東山軍功店,台中市北屯區東山路一段288號,04-2436-3452
可不可熟成紅茶,台中工學店,台中市南區工學路37號,04-2260-1280
可不可熟成紅茶,台中大墩店,台中市南屯區大墩路834號,04-2328-6666
可不可熟成紅茶,台中黎明店,台中市南屯區黎明路二段162號,04-2382-3888
可不可熟成紅茶,台中后里店,台中市后里區甲后路一段526號,04-2558-2719
可不可熟成紅茶,大甲順天店,台中市大甲區順天路197號,04-2688-7553
可不可熟成紅茶,大里中興店,台中市大里區中興路二段457號,04-2483-3946
可不可熟成紅茶,大里成功店,台中市大里區成功二路22號,04-2495-0558
可不可熟成紅茶,大雅學府店,台中市大雅區學府路133號,04-2560-5688
可不可熟成紅茶,大雅民生店,台中市大雅區民生路一段238號,04-2560-5165
可不可熟成紅茶,太平中興店,台中市太平區中興路97號,04-2279-5930
可不可熟成紅茶,太平長億店,台中市太平區太平路157號,04-2275-0370
可不可熟成紅茶,太平樹孝店,台中市太平區樹孝路39-12號,04-2391-3186
可不可熟成紅茶,台中東勢店,台中市東勢區豐勢路443號,04-2577-2533
可不可熟成紅茶,東區十甲店,台中市東區十甲路445號,04-2213-1710
可不可熟成紅茶,台中大智店,台中市東區大智路11號,04-2222-1621
可不可熟成紅茶,梧棲文化店,台中市梧棲區文化路二段194號,04-2658-2949
可不可熟成紅茶,沙鹿中山店,台中市沙鹿區中山路202-1號,04-2662-5466
可不可熟成紅茶,沙鹿靜宜店,台中市沙鹿區北勢東路525號,04-2652-1123
可不可熟成紅茶,台中清水店,台中市清水區中山路267號,04-2622-1593
可不可熟成紅茶,潭子勝利店,台中市潭子區勝利路307號,04-2535-0018
可不可熟成紅茶,台中烏日店,台中市烏日區中山路一段427號,04-2338-1131
可不可熟成紅茶,神岡中山店,台中市神岡區中山路428號,04-2561-5666
可不可熟成紅茶,台中向上店,台中市西區向上路一段191號,04-2301-3552
可不可熟成紅茶,台中精誠店,台中市西區忠誠里精誠路7號1樓,04-2329-0238
可不可熟成紅茶,逢甲福星店,台中市西屯區福星路649號,04-2708-5116
可不可熟成紅茶,西屯中科店,台中市西屯區西屯路三段159-8號,04-2461-3235
可不可熟成紅茶,台中青海店,台中市西屯區青海路一段50號,04-2313-0368
可不可熟成紅茶,豐原南陽店,台中市豐原區南陽路299之7號,04-2520-1888
可不可熟成紅茶,豐原廟東店,台中市豐原區復興路15號,04-2523-5606
可不可熟成紅茶,霧峰中正店,台中市霧峰區中正路899號,04-2339-6155
可不可熟成紅茶,台中龍井店,台中市龍井區中央路三段10號,04-2639-2623
可不可熟成紅茶,東海遊園店,台中市龍井區遊園南路222號,04-2631-9867
樺達奶茶,台中中友店,台中市北區三民路三段179號B3,04-22298512
樺達奶茶,台中大遠百,台中市西屯區台灣大道三段251號12F,04-22558738
不要對我尖叫,台中一中 旗艦店,台中市北區一中街175號,04-22256849
不要對我尖叫,台中 沙鹿店,台中市沙鹿區光大路286號,04-26621589
不要對我尖叫,台中 勤美店,台中市西區中興街239號,04-23285728
不要對我尖叫,台中 豐原店,台中市豐原區和平街9號,04-25286268
茶明載波,美村店,台中市西區美村路一段143號,04-23217772
約翰紅茶公司,台中店,台中市西區美村路一段78號,04-23109333
布萊恩紅茶,台中勤美店,台中市西區美村路一段145號,04-23272816
布萊恩紅茶,台中西屯店,台中市西屯區西屯路三段164-8號,04-24608816
萬波島嶼紅茶,台中一中店,台中市北區太平路63巷1號,04-22270087
萬波島嶼紅茶,台中中清店,台中市北屯區新興路1-3-1號,04-24262377
萬波島嶼紅茶,台中東山店,台中市北屯區東山路一段316之1號,04-24363042
萬波島嶼紅茶,台中美村南店,台中市南區美村南路249號,04-22635252
萬波島嶼紅茶,文山忠勇店,台中市南屯區忠勇路64之1號,04-23802260
萬波島嶼紅茶,台中黎明店,台中市南屯區黎明路二段199號,04-23821107
萬波島嶼紅茶,大里中興店,台中市大里區中興路二段428號,04-24836680
萬波島嶼紅茶,台中東勢店,台中市東勢區忠孝街11號,04-25770258
萬波島嶼紅茶,台中沙鹿店,台中市沙鹿區光華路347號,04-26623003
萬波島嶼紅茶,台中大墩店,台中市西屯區大墩路891號,04-23200219
萬波島嶼紅茶,台中朝富店,台中市西屯區朝富路146號,04-22522233
萬波島嶼紅茶,The ship by wanpo (台中豐原店),台中市豐原區西安街16號1樓,04-25280219
萬波島嶼紅茶,霧峰中正店,台中市霧峰區中正路1005號,04-23302125
萬波島嶼紅茶,台中東海店,台中市龍井區台灣大道五段3巷66號 (開源社雞排隔壁),04-26520280
得正,台中學士計劃,台中市北區梅亭街262號,04-22366905
得正,台中一中計劃,台中市北區育才南街23號,04-22298168
得正,台中興大計劃,台中市南區學府路28-1號1樓,04-22859998
得正,台中黎明計劃,台中市南屯區黎明路二段147號,04-23809922
得正,台中大雅計劃,台中市大雅區學府路140號,04-25608627
得正,台中太平樹孝計劃,台中市太平區樹孝路198號,04-23931245
得正,台中美村計劃,台中市西區美村路一段266號,04-23011291
得正,台中福星計劃,台中市西屯區福星路634號,04-24520767
得正,台中東海計劃,台中市龍井區新興路39號,04-26525098